<?xml version="1.0"?>
<font>
  <info face="VT323" size="24" bold="0" italic="0" charset="" unicode="1" stretchH="100" smooth="1" aa="1" padding="0,0,0,0" spacing="1,1" outline="0"/>
  <common lineHeight="25" base="20" scaleW="256" scaleH="256" pages="1" packed="0" alphaChnl="1" redChnl="0" greenChnl="0" blueChnl="0"/>
  <pages>
    <page id="0" file="font_0.png" />
  </pages>
  <chars count="193">
    <char id="0" x="254" y="30" width="1" height="1" xoffset="0" yoffset="0" xadvance="0" page="0" chnl="15" />
    <char id="13" x="18" y="80" width="3" height="1" xoffset="-1" yoffset="24" xadvance="8" page="0" chnl="15" />
    <char id="32" x="9" y="59" width="3" height="1" xoffset="-1" yoffset="24" xadvance="8" page="0" chnl="15" />
    <char id="33" x="250" y="30" width="3" height="11" xoffset="2" yoffset="9" xadvance="8" page="0" chnl="15" />
    <char id="34" x="178" y="67" width="6" height="3" xoffset="1" yoffset="7" xadvance="8" page="0" chnl="15" />
    <char id="35" x="185" y="55" width="8" height="10" xoffset="0" yoffset="9" xadvance="8" page="0" chnl="15" />
    <char id="36" x="195" y="0" width="8" height="15" xoffset="0" yoffset="7" xadvance="8" page="0" chnl="15" />
    <char id="37" x="54" y="47" width="8" height="11" xoffset="0" yoffset="9" xadvance="8" page="0" chnl="15" />
    <char id="38" x="63" y="47" width="8" height="11" xoffset="0" yoffset="9" xadvance="8" page="0" chnl="15" />
    <char id="39" x="210" y="64" width="3" height="3" xoffset="2" yoffset="7" xadvance="8" page="0" chnl="15" />
    <char id="40" x="96" y="17" width="4" height="15" xoffset="2" yoffset="7" xadvance="8" page="0" chnl="15" />
    <char id="41" x="84" y="17" width="5" height="15" xoffset="1" yoffset="7" xadvance="8" page="0" chnl="15" />
    <char id="42" x="98" y="70" width="7" height="8" xoffset="0" yoffset="11" xadvance="8" page="0" chnl="15" />
    <char id="43" x="248" y="54" width="7" height="8" xoffset="0" yoffset="10" xadvance="8" page="0" chnl="15" />
    <char id="44" x="157" y="68" width="4" height="6" xoffset="2" yoffset="17" xadvance="8" page="0" chnl="15" />
    <char id="45" x="230" y="63" width="6" height="2" xoffset="1" yoffset="13" xadvance="8" page="0" chnl="15" />
    <char id="46" x="185" y="66" width="4" height="3" xoffset="2" yoffset="17" xadvance="8" page="0" chnl="15" />
    <char id="47" x="231" y="0" width="8" height="15" xoffset="0" yoffset="7" xadvance="8" page="0" chnl="15" />
    <char id="48" x="136" y="56" width="6" height="11" xoffset="1" yoffset="9" xadvance="8" page="0" chnl="15" />
    <char id="49" x="87" y="59" width="6" height="11" xoffset="1" yoffset="9" xadvance="8" page="0" chnl="15" />
    <char id="50" x="8" y="61" width="7" height="11" xoffset="0" yoffset="9" xadvance="8" page="0" chnl="15" />
    <char id="51" x="16" y="59" width="7" height="11" xoffset="0" yoffset="9" xadvance="8" page="0" chnl="15" />
    <char id="52" x="90" y="46" width="8" height="11" xoffset="0" yoffset="9" xadvance="8" page="0" chnl="15" />
    <char id="53" x="99" y="46" width="8" height="11" xoffset="0" yoffset="9" xadvance="8" page="0" chnl="15" />
    <char id="54" x="243" y="42" width="7" height="11" xoffset="0" yoffset="9" xadvance="8" page="0" chnl="15" />
    <char id="55" x="24" y="59" width="7" height="11" xoffset="0" yoffset="9" xadvance="8" page="0" chnl="15" />
    <char id="56" x="178" y="55" width="6" height="11" xoffset="1" yoffset="9" xadvance="8" page="0" chnl="15" />
    <char id="57" x="32" y="59" width="7" height="11" xoffset="0" yoffset="9" xadvance="8" page="0" chnl="15" />
    <char id="58" x="194" y="54" width="4" height="10" xoffset="2" yoffset="10" xadvance="8" page="0" chnl="15" />
    <char id="59" x="83" y="33" width="4" height="13" xoffset="2" yoffset="10" xadvance="8" page="0" chnl="15" />
    <char id="60" x="164" y="55" width="6" height="11" xoffset="1" yoffset="9" xadvance="8" page="0" chnl="15" />
    <char id="61" x="171" y="67" width="6" height="5" xoffset="1" yoffset="12" xadvance="8" page="0" chnl="15" />
    <char id="62" x="150" y="56" width="6" height="11" xoffset="1" yoffset="9" xadvance="8" page="0" chnl="15" />
    <char id="63" x="40" y="59" width="7" height="11" xoffset="0" yoffset="9" xadvance="8" page="0" chnl="15" />
    <char id="64" x="156" y="17" width="8" height="13" xoffset="0" yoffset="7" xadvance="8" page="0" chnl="15" />
    <char id="65" x="180" y="43" width="8" height="11" xoffset="0" yoffset="9" xadvance="8" page="0" chnl="15" />
    <char id="66" x="189" y="42" width="8" height="11" xoffset="0" yoffset="9" xadvance="8" page="0" chnl="15" />
    <char id="67" x="225" y="42" width="8" height="11" xoffset="0" yoffset="9" xadvance="8" page="0" chnl="15" />
    <char id="68" x="115" y="32" width="8" height="11" xoffset="0" yoffset="9" xadvance="8" page="0" chnl="15" />
    <char id="69" x="143" y="56" width="6" height="11" xoffset="1" yoffset="9" xadvance="8" page="0" chnl="15" />
    <char id="70" x="80" y="59" width="6" height="11" xoffset="1" yoffset="9" xadvance="8" page="0" chnl="15" />
    <char id="71" x="133" y="32" width="8" height="11" xoffset="0" yoffset="9" xadvance="8" page="0" chnl="15" />
    <char id="72" x="142" y="32" width="8" height="11" xoffset="0" yoffset="9" xadvance="8" page="0" chnl="15" />
    <char id="73" x="129" y="56" width="6" height="11" xoffset="1" yoffset="9" xadvance="8" page="0" chnl="15" />
    <char id="74" x="48" y="59" width="7" height="11" xoffset="0" yoffset="9" xadvance="8" page="0" chnl="15" />
    <char id="75" x="151" y="32" width="8" height="11" xoffset="0" yoffset="9" xadvance="8" page="0" chnl="15" />
    <char id="76" x="56" y="59" width="7" height="11" xoffset="1" yoffset="9" xadvance="8" page="0" chnl="15" />
    <char id="77" x="160" y="31" width="8" height="11" xoffset="0" yoffset="9" xadvance="8" page="0" chnl="15" />
    <char id="78" x="135" y="44" width="8" height="11" xoffset="0" yoffset="9" xadvance="8" page="0" chnl="15" />
    <char id="79" x="196" y="30" width="8" height="11" xoffset="0" yoffset="9" xadvance="8" page="0" chnl="15" />
    <char id="80" x="205" y="30" width="8" height="11" xoffset="0" yoffset="9" xadvance="8" page="0" chnl="15" />
    <char id="81" x="110" y="17" width="8" height="14" xoffset="0" yoffset="9" xadvance="8" page="0" chnl="15" />
    <char id="82" x="214" y="30" width="8" height="11" xoffset="0" yoffset="9" xadvance="8" page="0" chnl="15" />
    <char id="83" x="232" y="30" width="8" height="11" xoffset="0" yoffset="9" xadvance="8" page="0" chnl="15" />
    <char id="84" x="241" y="30" width="8" height="11" xoffset="0" yoffset="9" xadvance="8" page="0" chnl="15" />
    <char id="85" x="0" y="49" width="8" height="11" xoffset="0" yoffset="9" xadvance="8" page="0" chnl="15" />
    <char id="86" x="9" y="47" width="8" height="11" xoffset="0" yoffset="9" xadvance="8" page="0" chnl="15" />
    <char id="87" x="18" y="47" width="8" height="11" xoffset="0" yoffset="9" xadvance="8" page="0" chnl="15" />
    <char id="88" x="36" y="47" width="8" height="11" xoffset="0" yoffset="9" xadvance="8" page="0" chnl="15" />
    <char id="89" x="45" y="47" width="8" height="11" xoffset="0" yoffset="9" xadvance="8" page="0" chnl="15" />
    <char id="90" x="64" y="59" width="7" height="11" xoffset="0" yoffset="9" xadvance="8" page="0" chnl="15" />
    <char id="91" x="101" y="17" width="4" height="15" xoffset="2" yoffset="7" xadvance="8" page="0" chnl="15" />
    <char id="92" x="213" y="0" width="8" height="15" xoffset="0" yoffset="7" xadvance="8" page="0" chnl="15" />
    <char id="93" x="90" y="17" width="5" height="15" xoffset="1" yoffset="7" xadvance="8" page="0" chnl="15" />
    <char id="94" x="139" y="68" width="8" height="6" xoffset="0" yoffset="9" xadvance="8" page="0" chnl="15" />
    <char id="95" x="214" y="63" width="8" height="2" xoffset="0" yoffset="18" xadvance="8" page="0" chnl="15" />
    <char id="96" x="200" y="64" width="4" height="3" xoffset="1" yoffset="7" xadvance="8" page="0" chnl="15" />
    <char id="97" x="221" y="54" width="8" height="8" xoffset="0" yoffset="12" xadvance="8" page="0" chnl="15" />
    <char id="98" x="144" y="44" width="8" height="11" xoffset="0" yoffset="9" xadvance="8" page="0" chnl="15" />
    <char id="99" x="212" y="54" width="8" height="8" xoffset="0" yoffset="12" xadvance="8" page="0" chnl="15" />
    <char id="100" x="171" y="43" width="8" height="11" xoffset="0" yoffset="9" xadvance="8" page="0" chnl="15" />
    <char id="101" x="9" y="73" width="8" height="8" xoffset="0" yoffset="12" xadvance="8" page="0" chnl="15" />
    <char id="102" x="108" y="57" width="6" height="11" xoffset="1" yoffset="9" xadvance="8" page="0" chnl="15" />
    <char id="103" x="198" y="42" width="8" height="11" xoffset="0" yoffset="12" xadvance="8" page="0" chnl="15" />
    <char id="104" x="216" y="42" width="8" height="11" xoffset="0" yoffset="9" xadvance="8" page="0" chnl="15" />
    <char id="105" x="94" y="58" width="6" height="11" xoffset="1" yoffset="9" xadvance="8" page="0" chnl="15" />
    <char id="106" x="146" y="17" width="5" height="14" xoffset="1" yoffset="9" xadvance="8" page="0" chnl="15" />
    <char id="107" x="124" y="32" width="8" height="11" xoffset="0" yoffset="9" xadvance="8" page="0" chnl="15" />
    <char id="108" x="171" y="55" width="6" height="11" xoffset="1" yoffset="9" xadvance="8" page="0" chnl="15" />
    <char id="109" x="72" y="71" width="8" height="8" xoffset="0" yoffset="12" xadvance="8" page="0" chnl="15" />
    <char id="110" x="0" y="73" width="8" height="8" xoffset="0" yoffset="12" xadvance="8" page="0" chnl="15" />
    <char id="111" x="18" y="71" width="8" height="8" xoffset="0" yoffset="12" xadvance="8" page="0" chnl="15" />
    <char id="112" x="169" y="31" width="8" height="11" xoffset="0" yoffset="12" xadvance="8" page="0" chnl="15" />
    <char id="113" x="178" y="31" width="8" height="11" xoffset="0" yoffset="12" xadvance="8" page="0" chnl="15" />
    <char id="114" x="36" y="71" width="8" height="8" xoffset="0" yoffset="12" xadvance="8" page="0" chnl="15" />
    <char id="115" x="90" y="71" width="7" height="8" xoffset="0" yoffset="12" xadvance="8" page="0" chnl="15" />
    <char id="116" x="72" y="59" width="7" height="11" xoffset="0" yoffset="9" xadvance="8" page="0" chnl="15" />
    <char id="117" x="81" y="71" width="8" height="8" xoffset="0" yoffset="12" xadvance="8" page="0" chnl="15" />
    <char id="118" x="239" y="54" width="8" height="8" xoffset="0" yoffset="12" xadvance="8" page="0" chnl="15" />
    <char id="119" x="27" y="71" width="8" height="8" xoffset="0" yoffset="12" xadvance="8" page="0" chnl="15" />
    <char id="120" x="114" y="69" width="7" height="8" xoffset="0" yoffset="12" xadvance="8" page="0" chnl="15" />
    <char id="121" x="153" y="44" width="8" height="11" xoffset="0" yoffset="12" xadvance="8" page="0" chnl="15" />
    <char id="122" x="106" y="70" width="7" height="8" xoffset="0" yoffset="12" xadvance="8" page="0" chnl="15" />
    <char id="123" x="77" y="17" width="6" height="15" xoffset="1" yoffset="7" xadvance="8" page="0" chnl="15" />
    <char id="124" x="106" y="17" width="3" height="15" xoffset="2" yoffset="7" xadvance="8" page="0" chnl="15" />
    <char id="125" x="249" y="0" width="6" height="15" xoffset="1" yoffset="7" xadvance="8" page="0" chnl="15" />
    <char id="126" x="148" y="68" width="8" height="6" xoffset="0" yoffset="11" xadvance="8" page="0" chnl="15" />
    <char id="160" x="251" y="63" width="3" height="1" xoffset="-1" yoffset="24" xadvance="8" page="0" chnl="15" />
    <char id="161" x="251" y="42" width="3" height="11" xoffset="2" yoffset="11" xadvance="8" page="0" chnl="15" />
    <char id="162" x="54" y="17" width="8" height="15" xoffset="0" yoffset="7" xadvance="8" page="0" chnl="15" />
    <char id="163" x="126" y="44" width="8" height="11" xoffset="0" yoffset="9" xadvance="8" page="0" chnl="15" />
    <char id="164" x="54" y="71" width="8" height="8" xoffset="0" yoffset="12" xadvance="8" page="0" chnl="15" />
    <char id="165" x="117" y="44" width="8" height="11" xoffset="0" yoffset="9" xadvance="8" page="0" chnl="15" />
    <char id="166" x="152" y="17" width="3" height="14" xoffset="2" yoffset="8" xadvance="8" page="0" chnl="15" />
    <char id="167" x="54" y="33" width="7" height="13" xoffset="0" yoffset="9" xadvance="8" page="0" chnl="15" />
    <char id="168" x="244" y="63" width="6" height="2" xoffset="1" yoffset="8" xadvance="8" page="0" chnl="15" />
    <char id="169" x="27" y="17" width="8" height="15" xoffset="0" yoffset="7" xadvance="8" page="0" chnl="15" />
    <char id="170" x="101" y="58" width="6" height="11" xoffset="1" yoffset="9" xadvance="8" page="0" chnl="15" />
    <char id="171" x="45" y="71" width="8" height="8" xoffset="0" yoffset="12" xadvance="8" page="0" chnl="15" />
    <char id="172" x="162" y="68" width="8" height="5" xoffset="0" yoffset="13" xadvance="8" page="0" chnl="15" />
    <char id="173" x="223" y="63" width="6" height="2" xoffset="1" yoffset="13" xadvance="8" page="0" chnl="15" />
    <char id="174" x="18" y="17" width="8" height="15" xoffset="0" yoffset="7" xadvance="8" page="0" chnl="15" />
    <char id="175" x="237" y="63" width="6" height="2" xoffset="1" yoffset="8" xadvance="8" page="0" chnl="15" />
    <char id="176" x="132" y="68" width="6" height="7" xoffset="1" yoffset="7" xadvance="8" page="0" chnl="15" />
    <char id="177" x="0" y="61" width="7" height="11" xoffset="0" yoffset="9" xadvance="8" page="0" chnl="15" />
    <char id="178" x="122" y="68" width="5" height="8" xoffset="1" yoffset="7" xadvance="8" page="0" chnl="15" />
    <char id="179" x="206" y="54" width="5" height="9" xoffset="1" yoffset="7" xadvance="8" page="0" chnl="15" />
    <char id="180" x="205" y="64" width="4" height="3" xoffset="2" yoffset="7" xadvance="8" page="0" chnl="15" />
    <char id="181" x="105" y="33" width="9" height="11" xoffset="-1" yoffset="12" xadvance="8" page="0" chnl="15" />
    <char id="182" x="240" y="0" width="8" height="15" xoffset="0" yoffset="7" xadvance="8" page="0" chnl="15" />
    <char id="183" x="190" y="66" width="4" height="3" xoffset="2" yoffset="14" xadvance="8" page="0" chnl="15" />
    <char id="184" x="195" y="65" width="4" height="3" xoffset="2" yoffset="20" xadvance="8" page="0" chnl="15" />
    <char id="185" x="128" y="68" width="3" height="8" xoffset="2" yoffset="8" xadvance="8" page="0" chnl="15" />
    <char id="186" x="157" y="56" width="6" height="11" xoffset="1" yoffset="9" xadvance="8" page="0" chnl="15" />
    <char id="187" x="230" y="54" width="8" height="8" xoffset="0" yoffset="12" xadvance="8" page="0" chnl="15" />
    <char id="188" x="9" y="17" width="8" height="15" xoffset="0" yoffset="7" xadvance="8" page="0" chnl="15" />
    <char id="189" x="174" y="17" width="8" height="13" xoffset="0" yoffset="7" xadvance="8" page="0" chnl="15" />
    <char id="190" x="0" y="19" width="8" height="15" xoffset="0" yoffset="7" xadvance="8" page="0" chnl="15" />
    <char id="191" x="97" y="33" width="7" height="12" xoffset="0" yoffset="10" xadvance="8" page="0" chnl="15" />
    <char id="192" x="54" y="0" width="8" height="16" xoffset="0" yoffset="4" xadvance="8" page="0" chnl="15" />
    <char id="193" x="63" y="0" width="8" height="16" xoffset="0" yoffset="4" xadvance="8" page="0" chnl="15" />
    <char id="194" x="117" y="0" width="8" height="16" xoffset="0" yoffset="4" xadvance="8" page="0" chnl="15" />
    <char id="195" x="126" y="0" width="8" height="16" xoffset="0" yoffset="4" xadvance="8" page="0" chnl="15" />
    <char id="196" x="222" y="0" width="8" height="15" xoffset="0" yoffset="5" xadvance="8" page="0" chnl="15" />
    <char id="197" x="0" y="0" width="8" height="18" xoffset="0" yoffset="2" xadvance="8" page="0" chnl="15" />
    <char id="198" x="187" y="30" width="8" height="11" xoffset="0" yoffset="9" xadvance="8" page="0" chnl="15" />
    <char id="199" x="128" y="17" width="8" height="14" xoffset="0" yoffset="9" xadvance="8" page="0" chnl="15" />
    <char id="200" x="142" y="0" width="6" height="16" xoffset="1" yoffset="4" xadvance="8" page="0" chnl="15" />
    <char id="201" x="163" y="0" width="6" height="16" xoffset="1" yoffset="4" xadvance="8" page="0" chnl="15" />
    <char id="202" x="135" y="0" width="6" height="16" xoffset="1" yoffset="4" xadvance="8" page="0" chnl="15" />
    <char id="203" x="70" y="17" width="6" height="15" xoffset="1" yoffset="5" xadvance="8" page="0" chnl="15" />
    <char id="204" x="170" y="0" width="6" height="16" xoffset="1" yoffset="4" xadvance="8" page="0" chnl="15" />
    <char id="205" x="156" y="0" width="6" height="16" xoffset="1" yoffset="4" xadvance="8" page="0" chnl="15" />
    <char id="206" x="149" y="0" width="6" height="16" xoffset="1" yoffset="4" xadvance="8" page="0" chnl="15" />
    <char id="207" x="63" y="17" width="6" height="15" xoffset="1" yoffset="5" xadvance="8" page="0" chnl="15" />
    <char id="208" x="81" y="47" width="8" height="11" xoffset="0" yoffset="9" xadvance="8" page="0" chnl="15" />
    <char id="209" x="108" y="0" width="8" height="16" xoffset="0" yoffset="4" xadvance="8" page="0" chnl="15" />
    <char id="210" x="99" y="0" width="8" height="16" xoffset="0" yoffset="4" xadvance="8" page="0" chnl="15" />
    <char id="211" x="9" y="0" width="8" height="16" xoffset="0" yoffset="4" xadvance="8" page="0" chnl="15" />
    <char id="212" x="90" y="0" width="8" height="16" xoffset="0" yoffset="4" xadvance="8" page="0" chnl="15" />
    <char id="213" x="81" y="0" width="8" height="16" xoffset="0" yoffset="4" xadvance="8" page="0" chnl="15" />
    <char id="214" x="204" y="0" width="8" height="15" xoffset="0" yoffset="5" xadvance="8" page="0" chnl="15" />
    <char id="215" x="199" y="54" width="6" height="9" xoffset="1" yoffset="9" xadvance="8" page="0" chnl="15" />
    <char id="216" x="186" y="0" width="8" height="15" xoffset="0" yoffset="7" xadvance="8" page="0" chnl="15" />
    <char id="217" x="45" y="0" width="8" height="16" xoffset="0" yoffset="4" xadvance="8" page="0" chnl="15" />
    <char id="218" x="36" y="0" width="8" height="16" xoffset="0" yoffset="4" xadvance="8" page="0" chnl="15" />
    <char id="219" x="27" y="0" width="8" height="16" xoffset="0" yoffset="4" xadvance="8" page="0" chnl="15" />
    <char id="220" x="177" y="0" width="8" height="15" xoffset="0" yoffset="5" xadvance="8" page="0" chnl="15" />
    <char id="221" x="18" y="0" width="8" height="16" xoffset="0" yoffset="4" xadvance="8" page="0" chnl="15" />
    <char id="222" x="223" y="30" width="8" height="11" xoffset="0" yoffset="9" xadvance="8" page="0" chnl="15" />
    <char id="223" x="108" y="45" width="8" height="11" xoffset="0" yoffset="9" xadvance="8" page="0" chnl="15" />
    <char id="224" x="183" y="16" width="8" height="13" xoffset="0" yoffset="7" xadvance="8" page="0" chnl="15" />
    <char id="225" x="192" y="16" width="8" height="13" xoffset="0" yoffset="7" xadvance="8" page="0" chnl="15" />
    <char id="226" x="201" y="16" width="8" height="13" xoffset="0" yoffset="7" xadvance="8" page="0" chnl="15" />
    <char id="227" x="246" y="16" width="8" height="13" xoffset="0" yoffset="7" xadvance="8" page="0" chnl="15" />
    <char id="228" x="27" y="47" width="8" height="11" xoffset="0" yoffset="9" xadvance="8" page="0" chnl="15" />
    <char id="229" x="45" y="17" width="8" height="15" xoffset="0" yoffset="5" xadvance="8" page="0" chnl="15" />
    <char id="230" x="63" y="71" width="8" height="8" xoffset="0" yoffset="12" xadvance="8" page="0" chnl="15" />
    <char id="231" x="234" y="42" width="8" height="11" xoffset="0" yoffset="12" xadvance="8" page="0" chnl="15" />
    <char id="232" x="210" y="16" width="8" height="13" xoffset="0" yoffset="7" xadvance="8" page="0" chnl="15" />
    <char id="233" x="219" y="16" width="8" height="13" xoffset="0" yoffset="7" xadvance="8" page="0" chnl="15" />
    <char id="234" x="228" y="16" width="8" height="13" xoffset="0" yoffset="7" xadvance="8" page="0" chnl="15" />
    <char id="235" x="72" y="47" width="8" height="11" xoffset="0" yoffset="9" xadvance="8" page="0" chnl="15" />
    <char id="236" x="69" y="33" width="6" height="13" xoffset="1" yoffset="7" xadvance="8" page="0" chnl="15" />
    <char id="237" x="76" y="33" width="6" height="13" xoffset="1" yoffset="7" xadvance="8" page="0" chnl="15" />
    <char id="238" x="62" y="33" width="6" height="13" xoffset="1" yoffset="7" xadvance="8" page="0" chnl="15" />
    <char id="239" x="122" y="56" width="6" height="11" xoffset="1" yoffset="9" xadvance="8" page="0" chnl="15" />
    <char id="240" x="36" y="17" width="8" height="15" xoffset="0" yoffset="5" xadvance="8" page="0" chnl="15" />
    <char id="241" x="237" y="16" width="8" height="13" xoffset="0" yoffset="7" xadvance="8" page="0" chnl="15" />
    <char id="242" x="165" y="17" width="8" height="13" xoffset="0" yoffset="7" xadvance="8" page="0" chnl="15" />
    <char id="243" x="0" y="35" width="8" height="13" xoffset="0" yoffset="7" xadvance="8" page="0" chnl="15" />
    <char id="244" x="9" y="33" width="8" height="13" xoffset="0" yoffset="7" xadvance="8" page="0" chnl="15" />
    <char id="245" x="18" y="33" width="8" height="13" xoffset="0" yoffset="7" xadvance="8" page="0" chnl="15" />
    <char id="246" x="162" y="43" width="8" height="11" xoffset="0" yoffset="9" xadvance="8" page="0" chnl="15" />
    <char id="247" x="115" y="57" width="6" height="11" xoffset="1" yoffset="9" xadvance="8" page="0" chnl="15" />
    <char id="248" x="88" y="33" width="8" height="12" xoffset="0" yoffset="10" xadvance="8" page="0" chnl="15" />
    <char id="249" x="27" y="33" width="8" height="13" xoffset="0" yoffset="7" xadvance="8" page="0" chnl="15" />
    <char id="250" x="36" y="33" width="8" height="13" xoffset="0" yoffset="7" xadvance="8" page="0" chnl="15" />
    <char id="251" x="45" y="33" width="8" height="13" xoffset="0" yoffset="7" xadvance="8" page="0" chnl="15" />
    <char id="252" x="207" y="42" width="8" height="11" xoffset="0" yoffset="9" xadvance="8" page="0" chnl="15" />
    <char id="253" x="72" y="0" width="8" height="16" xoffset="0" yoffset="7" xadvance="8" page="0" chnl="15" />
    <char id="254" x="137" y="17" width="8" height="14" xoffset="0" yoffset="9" xadvance="8" page="0" chnl="15" />
    <char id="255" x="119" y="17" width="8" height="14" xoffset="0" yoffset="9" xadvance="8" page="0" chnl="15" />
  </chars>
</font>
